category,age_bucket,boxes,ERG
p2pk,<131400,962897,18591768.286484727
p2pk,131400-262799,437768,8494027.557659882
p2pk,262800-525599,32938,15284159.286965012
p2pk,525600-788399,29496,9153467.646973758
p2pk,788400-1051199,0,0.000000000
p2pk,>=1051200,0,0.000000000
p2pk_other,<131400,0,0.000000000
p2pk_other,131400-262799,0,0.000000000
p2pk_other,262800-525599,0,0.000000000
p2pk_other,525600-788399,0,0.000000000
p2pk_other,788400-1051199,0,0.000000000
p2pk_other,>=1051200,0,0.000000000
mining_reward,<131400,10005,158695.166884487
mining_reward,131400-262799,4715,99858.610900054
mining_reward,262800-525599,864,8476.759599460
mining_reward,525600-788399,138,8977.561900000
mining_reward,788400-1051199,0,0.000000000
mining_reward,>=1051200,0,0.000000000
p2sh,<131400,0,0.000000000
p2sh,131400-262799,0,0.000000000
p2sh,262800-525599,0,0.000000000
p2sh,525600-788399,0,0.000000000
p2sh,788400-1051199,0,0.000000000
p2sh,>=1051200,0,0.000000000
protocol,<131400,4,44031544.678690072
protocol,131400-262799,3,0.030000000
protocol,262800-525599,1,0.010000000
protocol,525600-788399,1,1.000000000
protocol,788400-1051199,0,0.000000000
protocol,>=1051200,0,0.000000000
p2s_with_key,<131400,3932,3651.242538141
p2s_with_key,131400-262799,1356,14088.791713802
p2s_with_key,262800-525599,1188,33067.245249536
p2s_with_key,525600-788399,161,1159.844400000
p2s_with_key,788400-1051199,0,0.000000000
p2s_with_key,>=1051200,0,0.000000000
p2s_no_key,<131400,6664,1584067.404986803
p2s_no_key,131400-262799,382,72.781390000
p2s_no_key,262800-525599,134,176.528617045
p2s_no_key,525600-788399,53,272664.564047221
p2s_no_key,788400-1051199,0,0.000000000
p2s_no_key,>=1051200,0,0.000000000
unparseable,<131400,0,0.000000000
unparseable,131400-262799,1,0.001000000
unparseable,262800-525599,0,0.000000000
unparseable,525600-788399,0,0.000000000
unparseable,788400-1051199,0,0.000000000
unparseable,>=1051200,0,0.000000000
EXPOSED,<131400,976834,18754114.695907355
EXPOSED,131400-262799,443839,8607974.960273738
EXPOSED,262800-525599,34990,15325703.291814008
EXPOSED,525600-788399,29795,9163605.053273758
EXPOSED,788400-1051199,0,0.000000000
EXPOSED,>=1051200,0,0.000000000
