category,boxes,ERG,pct_supply,pct_supply_ex_protocol,boxes_with_tokens,distinct_token_ids
p2pk,1463099,51523422.778083379,52.7148,95.9318,148946,36353
p2pk_other,0,0.000000000,0.0000,0.0000,0,0
mining_reward,15722,276008.099284001,0.2824,0.5139,16,17
p2sh,0,0.000000000,0.0000,0.0000,0,0
protocol,9,44031545.718690072,45.0497,-,6,16
p2s_with_key,6637,51967.123901479,0.0532,0.0968,5398,2451
p2s_no_key,7233,1856981.279041069,1.8999,3.4575,5935,910
unparseable,1,0.001000000,0.0000,0.0000,0,0
EXPOSED(p2pk+p2pk_other+mining_reward+p2s_with_key),1485458,51851398.001268859,53.0504,96.5425,154360,38700
TOTAL,1492701,97739925.000000000,100.0000,100.0000,160301,39363
