template,boxes,ERG,first_key_indicator
441438d8b1a847e8,1071,43537.005000000,create_prove_dlog
842e6165a18b3a28,12,4058.272900000,prove_dlog
7d507235e5dd3e05,66,1164.000000000,create_prove_dlog
c439d478a39c8457,17,718.947230970,prove_dlog
ea5f97f7597b325f,3,580.230000000,prove_dlog
5153fa5abfba5094,20,507.117127060,prove_dlog
d36ad138f86dd4a7,8,287.882250000,create_prove_dlog
61c7b9a8765bcfb4,4,203.704000819,prove_dlog
75833402a4b7d760,20,197.204000000,prove_dlog
bd35823b2ded0f9b,92,84.307500000,create_prove_dlog
