token_id,boxes,raw_amount
0779ec04f2fae64e87418a1ad917639d4668f78484f45df962b0dec14a2591d2,75362,4989345031
ef802b475c06189fdbf844153cdc1d449a5ba87cce13d11bb47b5a539f27f12b,20817,95590324206308898
30974274078845f263b4f21787e33cc99e9ec19a17ad85a5bc6da2cca91c5a2e,20521,42391890740106929
fbbaac7337d051c10fc3da0ccb864f4d32d40027551e1c3ea3ce361f39b91e40,13345,957006095
472c3d4ecaa08fb7392ff041ee2e6af75f4a558810a74b28600549d5392810e8,12965,984889311310188
e91cbc48016eb390f8f872aa2962772863e2e840708517d1ab85e57451f91bed,12359,52939702
0cd8c9f416e5b1ca9f986a7f10a84191dfb85941619e49e53c0dc30ebf83324b,11894,20550517332
36aba4b4a97b65be491cf9f5ca57b5408b0da8d0194f30ec8330d1e8946161c1,4183,408583
4f5c05967a2a68d5fe0cdd7a688289f5b1a8aef7d24cab71c20ab8896068e0a8,2984,449947967046007
003bd19d0187117f130b62e1bcab0939929ff5c7709f843c5c4dd158949285d0,2419,1362803669
fa6326a26334f5e933b96470b53b45083374f71912b0d7597f00c2c7ebeb5da6,1761,21703473120
5a34d53ca483924b9a6aa0c771f11888881b516a8d1a9cdc535d063fe26d065e,1605,1861161074507085
1c51c3a53abfe87e6db9a03c649e8360f255ffc4bd34303d30fc7db23ae551db,1425,1170482404943
03faf2cb329f2e90d6d23b58d91bbb6c046aa143261cc21f52fbe2824bfcbf04,1423,51750881
1a6a8c16e4b1cc9d73d03183565cfb8e79dd84198cb66beeed7d3463e0da2b98,1347,199999379391
303f39026572bcb4060b51fafc93787a236bb243744babaa99fceb833d61e198,1268,78237684765
e249780a22e14279357103749102d0a7033e0459d10b7f277356522ae9df779c,820,39303960160215
d71693c49a84fbbecd4908c94813b46514b18b67a99952dc1e6e4791556de413,730,569199581
00b1e236b60b95c2c6f8007a9d89bc460fc9e78f98b09faec9449007b40bccf3,727,2090825934351
699a7fcc9978340acf5f8d4b7a43b1d21c0e82182792fe10ec43c032cfcd1d62,593,100000000000000000
