token_id,raw_amount,boxes
17c21d0dcde99d552a6430c9d96fae3247d88bc484306333060b46e2af7e953f,9223372036854774807,1
19e5b066e46094f99c39564208995fc0544f7a452082e2aaa1b5b090a7f104b9,9223372036854774807,1
4aa1e892c8b6d8ff5acd0f3c8a77975b3851f32aa9298c2acc9daafa8fbd7624,9223372036854774807,1
a0fddcb960e2a4b82b7c7647058485338e38d8f4c6d4f07a568e0765784c98b8,9223372036854774807,1
dca5ced7c814761c9d0a75509d884e46e971ffaaa5497f4bf9476f4f35cfeb56,9223372036854774807,1
eabfa0c3ee84692c1f37dcb4b36d182e2cb971dffa6792cae18cf54c9f7f4693,9223372036854774807,1
29c231e5ed1174223a15575104b954524eb2c91baabb65732144a92b222033e4,4500000000000000000,2
aa9011d6e69b96b9bd734cebe8a64a776bd49f2db98a4acb1c8d3108cd23b662,2000000000000000000,1
20b22d9b4ea1b4ee0c46f16fafa8a6eea20812e566f2291efbc29d1836884e55,1234567890123456800,1
a07f38e5b37d67bb18f68a79a615567b3627055f48f3fcbc26f147a98cac70ba,1234567890123456800,1
b21f9d034e0296fa54f85fede94c1c3323b1d52a77ba1eba9fb8ecb0ec810a3d,1234567890123456800,1
eb41912d6e04773acdf12e669d21a7c5925ee8e09fd1e2f56c7cd6dc529a3ee6,1234567890123456800,1
0c1ae0ed8307abf191719dbb5fe16f54342dee973e56635a0d8d4c83f4dd43c4,1234567890123456789,1
131d726c5e190ef1d4a47a8fd581ac916105ebcc8169f8461835aff200108421,1234567890123456789,1
2170179acb579cddf144bfc44cfbdb967cb26255c761b7cd46564f03110db8cc,1234567890123456789,1
24a370194722bf9a16c9ba0f28cd4fe7325a1aeb289f35aebedd562ed6ab7866,1234567890123456789,1
36af2332458f4758891aef53edf9dce0915ba8f8b97db6a005004b6b0af793e4,1234567890123456789,1
3b03cf193ca58f65374fc9d55a2a542224758580889eb0cdb8f351974d064118,1234567890123456789,1
4b83a45f55691a976ceb0fdadbe05e891c317849d7ae2207918e1a46298e3e0d,1234567890123456789,1
4c93c2304a66e64fce0f71e8b21227aa1400b71fd82e8759c193e2a4bb4eafa5,1234567890123456789,1
