key,value
tip_height,753934
state_header_id,f0319553c8b03489131ed2bef97c4b1e83d804bb4e893c0799d574249e3abcf3
state_version,481ae8c3b84f6e44983523eb4524e3bf0e2d818e76ca2a6338d40544caf86da618
stored_root,481ae8c3b84f6e44983523eb4524e3bf0e2d818e76ca2a6338d40544caf86da618
traversed_root,481ae8c3b84f6e44983523eb4524e3bf0e2d818e76ca2a6338d40544caf86da618
total_boxes,1492701
total_nanoerg,97739925000000000
supply_ok,true
genesis_sum_nanoerg,97739925000000000
brief_supply_ok,true
exposed_nanoerg,51851398001268859
exposed_dormant_nanoerg,0
