bucket_lo,bucket_hi_excl,keys,share_of_keys,share_of_signings
1,2,124126,0.4716750265997872,0.015219285919922863
2,3,29270,0.1112251101991184,0.007177682336918006
3,5,25655,0.09748822009423924,0.010627359353474003
5,9,20273,0.07703678370573036,0.015476402419077578
9,17,16337,0.062080103359173126,0.023908769131699068
17,33,14067,0.05345417236662107,0.04037526012048305
33,65,11976,0.04550843593251254,0.06791088001279084
65,129,8936,0.03395652834777322,0.09993825280449484
129,257,6396,0.024304605563155494,0.141564518953054
257,513,3699,0.01405608755129959,0.1609605686038807
513,1025,1649,0.006266149870801033,0.1423790277293462
1025,4097,715,0.0027169782641738864,0.14293053465027988
4097,16385,43,1.633986928104575E-4,0.035948736585679264
16385,65537,16,6.0799513603891166E-5,0.07612965733984842
65537,262145,2,7.599939200486396E-6,0.0194530640390513
262145,1048577,0,0.0,0.0
1048577,9223372036854775807,0,0.0,0.0
